[{
    "name": "Default",
    "font": {
        "font_name": "EuroScope",
        "weight": "Regular",
        "sizes": {
            "one": 11,
            "two": 12,
            "three": 13,
            "four": 14,
            "five": 16
        }
    },
    "filters": {
        "hide_above_alt": 21000,
        "hide_above_spd": 450,
        "radar_range_nm": 150,
        "night_alpha_setting": 110,
        "pro_mode": {
            "enable": false,
            "accept_pilot_squawk": false,
            "do_not_autocorrelate_squawks": [
                "2000",
                "2200",
                "1200",
                "7000"
            ]
        }
    },
    "labels": {
        "auto_deconfliction": true,
        "leader_line_length": 50,
        "use_aspeed_for_gate": false,
        "squawk_error_color": {
            "r": 255,
            "g": 255,
            "b": 0
        },
        "departure": {
            "definition": [
                ["callsign","sctype"],
                ["deprwy","gs","ssid"], 
                ["ssr","wake","groundstatus"]
            ],
            "background_color": {
                "r": 40,
                "g": 50,
                "b": 200,
                "a": 255
            },
            "background_color_on_runway": {
                "r": 40,
                "g": 50,
                "b": 200,
                "a": 255
            },
            "text_color": {
                "r": 255,
                "g": 255,
                "b": 255,
                "a": 255
            }
        },
        "arrival": {
            "definition": [
                ["callsign","sctype"],
                ["sate", "gs", "ssr"],
                ["flightlevel", "tendency","wake"]
            ],
            "background_color": {
                "r": 170,
                "g": 50,
                "b": 50,
                "a": 255
            },
            "background_color_on_runway": {
                "r": 170,
                "g": 50,
                "b": 50,
                "a": 255
            },
            "text_color": {
                "r": 255,
                "g": 255,
                "b": 255,
                "a": 255
            }
        },
        "airborne": {
            "use_departure_arrival_coloring": false,
            "definition": [
                ["callsign","sctype"],
                ["flightlevel", "tendency", "gs"],
                ["ssr","wake"]
            ],
            "text_color": {
                "r": 255,
                "g": 255,
                "b": 255,
                "a": 255
            },
            "background_color": {
                "r": 56,
                "g": 118,
                "b": 29,
                "a": 255
            },
            "background_color_on_runway": {
                "r": 170,
                "g": 50,
                "b": 50,
                "a": 255
            }
        },
        "uncorrelated": {
            "definition": [
                ["systemid"]
            ],
            "text_color": {
                "r": 255,
                "g": 255,
                "b": 255,
             "a": 255
            },
            "background_color": {
                "r": 150,
                "g": 22,
                "b": 135,
                "a": 255
            },
            "background_color_on_runway": {
                "r": 0,
                "g": 0,
                "b": 0,
                "a": 0
            }
        }
    },
    "rimcas": {
        "rimcas_label_only": true,
        "use_red_symbol_for_emergencies": true,
        "timer": [60, 45, 30, 15, 0],
        "timer_lvp": [120, 90, 60, 30, 0],
        "rimcas_stage_two_speed_threshold": 25,
        "background_color_stage_one": {
            "r": 160,
            "g": 90,
            "b": 30,
            "a": 255
        },
        "background_color_stage_two": {
            "r": 150,
            "g": 0,
            "b": 0,
            "a": 255
        },
        "alert_text_color": {
          "r": 255,
          "g": 255,
          "b": 255,
          "a": 255
        }
    },
    "targets": {
        "show_primary_target": true,
        "target_color": {
            "r": 255,
            "g": 242,
            "b": 73,
            "a": 255
        },
        "history_one_color": {
            "r": 0,
            "g": 255,
            "b": 255,
            "a": 255
        },
        "history_two_color": {
            "r": 0,
            "g": 219,
            "b": 219,
            "a": 255
        },
        "history_three_color": {
            "r": 0,
            "g": 183,
            "b": 183,
            "a": 255
        }
    },
    "approach_insets": {
        "extended_lines_length": 15,
        "extended_lines_ticks_spacing": 1,
        "extended_lines_color": {
            "r": 255,
            "g": 255,
            "b": 255,
            "a": 255
        },
        "runway_color": {
            "r": 0,
            "g": 0,
            "b": 0,
            "a": 255
        },
        "background_color": {
            "r": 100,
            "g": 100,
            "b": 100,
            "a": 255
        }
    },
    "maps": {
        "LFPG": {
            "runways": [{
                "runway_name": "EXAMPLE27",
                "path": [
                    ["N048.59.44.562", "E002.36.06.580"],
                    ["N048.59.44.150", "E002.36.06.630"],
                    ["N048.59.43.732", "E002.36.06.520"],
                    ["N048.59.43.722", "E002.36.06.497"]
                ],
                "path_lvp": [
                    ["N048.59.49.110", "E002.36.03.915"],
                    ["N048.59.48.567", "E002.36.02.798"],
                    ["N048.59.48.644", "E002.36.00.209"],
                    ["N048.59.48.482", "E002.35.55.364"]
                ]
            }, {
                "runway_name": "EXAMPLE36",
                "path": [
                    ["N048.59.44.562", "E002.36.06.580"],
                    ["N048.59.44.150", "E002.36.06.630"],
                    ["N048.59.43.732", "E002.36.06.520"],
                    ["N048.59.43.722", "E002.36.06.497"]
                ],
                "path_lvp": [
                    ["N048.59.49.110", "E002.36.03.915"],
                    ["N048.59.48.567", "E002.36.02.798"],
                    ["N048.59.48.644", "E002.36.00.209"],
                    ["N048.59.48.482", "E002.35.55.364"]
                ]
            }]
        }
    }
}]



